<core:FragmentDefinition xmlns="sap.m" xmlns:f="sap.ui.layout.form" xmlns:core="sap.ui.core">
    <f:SimpleForm >
        <f:content>
            <Label text="Name"></Label>
            <Text text="{name}"></Text>
            <Label text="Color"></Label>
            <Text text="{color}"></Text>
            <Label text="Taste"></Label>
            <Text text="{taste}"></Text>
            <Label text="Price"></Label>
            <Text text="{price} {curr}"></Text>
        </f:content>
    </f:SimpleForm>
</core:FragmentDefinition>