<core:FragmentDefinition xmlns="sap.m" xmlns:f="sap.ui.layout.form" xmlns:core="sap.ui.core">
    <Table id="idSupplier" items="{path: '/supplier'}" itemPress="onSupplierNav">
        <headerToolbar>
            <Toolbar >
                <ToolbarSpacer ></ToolbarSpacer>
                <Button icon="sap-icon://filter" tooltip="Supplier Filter" press="onSuppFilter"></Button>
            </Toolbar>
        </headerToolbar>
        <columns>
            <Column>
                <header>
                    <Text text="Name"></Text>
                </header>
            </Column>
            <Column>
                <header>
                    <Text text="City"></Text>
                </header>
            </Column>
            <Column minScreenWidth="Tablet">
                <header>
                    <Text text="Since When"></Text>
                </header>
            </Column>
            <Column minScreenWidth="Tablet" demandPopin="true">
                <header>
                    <Text text="Contact"></Text>
                </header>
            </Column>
            <Column minScreenWidth="Tablet" demandPopin="true">
                <header>
                    <Text text="Contact Name"></Text>
                </header>
            </Column>
        </columns>
        <items>
            <ColumnListItem type="Navigation">
                <cells> 
                    <Text text="{name}"></Text>
                    <Input value="{city}" showValueHelp="true" valueHelpRequest="onF4Help"></Input>
                    <Text text="{sinceWhen}"></Text>
                    <Text text="{contactNo}"></Text>
                    <Text text="{person}"></Text>
                </cells>
            </ColumnListItem>
        </items>
    </Table>
</core:FragmentDefinition>